,count,mean,std,min,25%,50%,75%,max
popularity,114000.0,33.239,22.305,0.0,17.0,35.0,50.0,100.0
duration_ms,114000.0,228029.153,107297.713,0.0,174066.0,212906.0,261506.0,5237295.0
danceability,114000.0,0.567,0.174,0.0,0.456,0.58,0.695,0.985
energy,114000.0,0.641,0.252,0.0,0.472,0.685,0.854,1.0
key,114000.0,5.309,3.56,0.0,2.0,5.0,8.0,11.0
loudness,114000.0,-8.259,5.029,-49.531,-10.013,-7.004,-5.003,4.532
mode,114000.0,0.638,0.481,0.0,0.0,1.0,1.0,1.0
speechiness,114000.0,0.085,0.106,0.0,0.036,0.049,0.084,0.965
acousticness,114000.0,0.315,0.333,0.0,0.017,0.169,0.598,0.996
instrumentalness,114000.0,0.156,0.31,0.0,0.0,0.0,0.049,1.0
liveness,114000.0,0.214,0.19,0.0,0.098,0.132,0.273,1.0
valence,114000.0,0.474,0.259,0.0,0.26,0.464,0.683,0.995
tempo,114000.0,122.148,29.978,0.0,99.219,122.017,140.071,243.372
time_signature,114000.0,3.904,0.433,0.0,4.0,4.0,4.0,5.0
